Workbook

Sheet Dados Brutos
A1: Jogador | B1: Time | C1: Posição | D1: Partidas | E1: Gols | F1: Assistências | G1: Cartões Amarelos | H1: Cartões Vermelhos | I1: Minutos Jogados | J1: Temporada
A2: Gabriel Martins | B2: Flamengo | C2: Atacante | D2: 34 | E2: 22 | F2: 8 | G2: 3 | H2: 0 | I2: 2890 | J2: 2024
A3: Lucas Oliveira | B3: Palmeiras | C3: Meio-Campo | D3: 32 | E3: 10 | F3: 14 | G3: 5 | H3: 1 | I3: 2720 | J3: 2024
A4: Pedro Alves | B4: São Paulo | C4: Atacante | D4: 30 | E4: 18 | F4: 5 | G4: 4 | H4: 0 | I4: 2540 | J4: 2024
A5: Rafael Costa | B5: Corinthians | C5: Defensor | D5: 33 | E5: 2 | F5: 3 | G5: 6 | H5: 1 | I5: 2970 | J5: 2024
A6: Thiago Santos | B6: Fluminense | C6: Meio-Campo | D6: 28 | E6: 7 | F6: 11 | G6: 3 | H6: 0 | I6: 2380 | J6: 2024
A7: Diego Ferreira | B7: Flamengo | C7: Atacante | D7: 29 | E7: 14 | F7: 6 | G7: 2 | H7: 0 | I7: 2460 | J7: 2024
A8: Carlos Lima | B8: Palmeiras | C8: Defensor | D8: 35 | E8: 1 | F8: 4 | G8: 7 | H8: 0 | I8: 3150 | J8: 2024
A9: Mateus Rocha | B9: São Paulo | C9: Meio-Campo | D9: 31 | E9: 9 | F9: 9 | G9: 4 | H9: 1 | I9: 2630 | J9: 2024
A10: Bruno Gomes | B10: Corinthians | C10: Atacante | D10: 27 | E10: 12 | F10: 3 | G10: 3 | H10: 0 | I10: 2290 | J10: 2024
A11: Felipe Souza | B11: Fluminense | C11: Defensor | D11: 30 | E11: 0 | F11: 2 | G11: 5 | H11: 0 | I11: 2700 | J11: 2024
A12: André Pereira | B12: Flamengo | C12: Meio-Campo | D12: 33 | E12: 11 | F12: 13 | G12: 4 | H12: 0 | I12: 2810 | J12: 2024
A13: Gustavo Silva | B13: Palmeiras | C13: Atacante | D13: 36 | E13: 25 | F13: 7 | G13: 2 | H13: 0 | I13: 3060 | J13: 2024
... A21: Caio Teixeira | B21: Fluminense | C21: Meio-Campo | D21: 31 | E21: 5 | F21: 7 | G21: 2 | H21: 0 | I21: 2635 | J21: 2024

Sheet Resumo por Time
A1: Resumo por Time
A2: Time | B2: Total Jogadores | C2: Total Gols | D2: Total Assistências | E2: Média de Gols | F2: Média de Assistências
A3: Flamengo | B3: =COUNTIF('Dados Brutos'!B:B,A3) | C3: =SUMIF('Dados Brutos'!B:B,A3,'Dados Brutos'!E:E) | D3: =SUMIF('Dados Brutos'!B:B,A3,'Dados Brutos'!F:F) | E3: =IFERROR(C3/B3,0) | F3: =IFERROR(D3/B3,0)
A4: Palmeiras | B4: =COUNTIF('Dados Brutos'!B:B,A4) | C4: =SUMIF('Dados Brutos'!B:B,A4,'Dados Brutos'!E:E) | D4: =SUMIF('Dados Brutos'!B:B,A4,'Dados Brutos'!F:F) | E4: =IFERROR(C4/B4,0) | F4: =IFERROR(D4/B4,0)
A5: São Paulo | B5: =COUNTIF('Dados Brutos'!B:B,A5) | C5: =SUMIF('Dados Brutos'!B:B,A5,'Dados Brutos'!E:E) | D5: =SUMIF('Dados Brutos'!B:B,A5,'Dados Brutos'!F:F) | E5: =IFERROR(C5/B5,0) | F5: =IFERROR(D5/B5,0)
A6: Corinthians | B6: =COUNTIF('Dados Brutos'!B:B,A6) | C6: =SUMIF('Dados Brutos'!B:B,A6,'Dados Brutos'!E:E) | D6: =SUMIF('Dados Brutos'!B:B,A6,'Dados Brutos'!F:F) | E6: =IFERROR(C6/B6,0) | F6: =IFERROR(D6/B6,0)
A7: Fluminense | B7: =COUNTIF('Dados Brutos'!B:B,A7) | C7: =SUMIF('Dados Brutos'!B:B,A7,'Dados Brutos'!E:E) | D7: =SUMIF('Dados Brutos'!B:B,A7,'Dados Brutos'!F:F) | E7: =IFERROR(C7/B7,0) | F7: =IFERROR(D7/B7,0)

Sheet Guia Power BI
A1: GUIA PASSO A PASSO — POWER BI
A3: PASSO 1 — Importar o arquivo
A4: 1. Abra o Power BI Desktop
A5: 2. Clique em 'Obter Dados' > 'Excel'
A6: 3. Selecione este arquivo e marque a aba 'Dados Brutos'
A7: 4. Clique em 'Transformar Dados' para abrir o Power Query
A9: PASSO 2 — Limpeza no Power Query
A10: 1. Verifique os tipos de coluna (ícone ao lado do nome da coluna)
A11: 2. Gols, Assistências, Partidas → tipo Número Inteiro
A12: 3. Jogador, Time, Posição → tipo Texto
A13: 4. Clique em 'Fechar e Aplicar'
A15: PASSO 3 — Medidas DAX para criar
... A26: • Segmentação de Dados: filtrar por Time e Posição
